{"timbulan_sampah":{"pairwise":{"pairwise":[[1,0.386,0.302,0.227,0.727,0.577],[2.59,1,0.88,3.35,6.853,2.214],[3.31,1.136,1,3.409,5.856,4.705],[4.402,0.298,0.293,1,5.207,3.35],[1.375,0.146,0.171,0.192,1,1.016],[1.732,0.452,0.213,0.298,0.984,1]],"pairwise_after_calculated":[[0.06940106877645916,0.11293153891164423,0.105631339629241,0.02678150070788108,0.03524506714500412,0.04486083035297776],[0.17974876813102922,0.2925687536571094,0.30779993004547046,0.3952336007550732,0.33223444999272794,0.1721349712330897],[0.22971753765007982,0.33235810415447625,0.3497726477789437,0.4021944313355357,0.28389974305521887,0.3658062509718551],[0.30550350475397325,0.0871854885898186,0.1024833857992305,0.11798017932987259,0.25243612740582727,0.2604571606282071],[0.09542646956763134,0.042715038033937974,0.05981112277019938,0.022652194431335537,0.04848014737964803,0.07899238065619654],[0.12020265112082727,0.13224107665301346,0.07450157397691501,0.03515809344030203,0.04770446502157366,0.07774840615767377]],"weights":[0.06580855758720124,0.27995341230241666,0.3272914524910182,0.1876743077511549,0.0580128921398248,0.0812593777283842]},"pusat_kota":0.06580855758720124,"daerah_komersil":0.27995341230241666,"daerah_perumahan_teratur":0.3272914524910182,"industri":0.1876743077511549,"jalan":0.0580128921398248,"daerah_perumahan_tidak_teratur":0.0812593777283842},"jarak_tpa":{"pairwise":{"pairwise":[[1,5,9],[0.2,1,5],[0.111,0.2,1]],"pairwise_after_calculated":[[0.7627765064836003,0.8064516129032258,0.6],[0.15255530129672007,0.16129032258064516,0.3333333333333333],[0.08466819221967964,0.03225806451612903,0.06666666666666667]],"weights":[0.7230760397956087,0.21572631907023285,0.06119764113415845]},"pelayanan_intensif":0.7230760397956087,"pelayanan_menengah":0.21572631907023285,"pelayanan_rendah":0.06119764113415845},"jarak_pemukiman":{"pairwise":{"pairwise":[[1,3,5,7,9],[0.333,1,3,5,7],[0.2,0.333,1,3,5],[0.143,0.2,0.333,1,3],[0.111,0.143,0.2,0.3,1]],"pairwise_after_calculated":[[0.5595970900951315,0.6415739948674081,0.524493863421798,0.42944785276073616,0.36],[0.1863458310016788,0.21385799828913601,0.3146963180530788,0.3067484662576687,0.28],[0.11191941801902631,0.0712147134302823,0.1048987726843596,0.18404907975460122,0.2],[0.0800223838836038,0.0427715996578272,0.03493129130389175,0.06134969325153374,0.12],[0.0621152770005596,0.030581693755346445,0.02097975453687192,0.01840490797546012,0.04]],"weights":[0.5030225602290147,0.26032972272031246,0.13441639677765388,0.0678149936193713,0.03441632665364762]},"jarak_1":0.5030225602290147,"jarak_2":0.26032972272031246,"jarak_3":0.13441639677765388,"jarak_4":0.0678149936193713,"jarak_5":0.03441632665364762},"jarak_sungai":{"pairwise":{"pairwise":[[1,3,5,7,9],[0.333,1,3,5,7],[0.2,0.333,1,3,5],[0.143,0.2,0.333,1,3],[0.111,0.143,0.2,0.333,1]],"pairwise_after_calculated":[[0.5595970900951315,0.6415739948674081,0.524493863421798,0.42858017510561447,0.36],[0.1863458310016788,0.21385799828913601,0.3146963180530788,0.3061286965040103,0.28],[0.11191941801902631,0.0712147134302823,0.1048987726843596,0.18367721790240618,0.2],[0.0800223838836038,0.0427715996578272,0.03493129130389175,0.061225739300802065,0.12],[0.0621152770005596,0.030581693755346445,0.02097975453687192,0.020388171187167087,0.04]],"weights":[0.5028490246979904,0.2602057687695808,0.13434202440721488,0.06779020282922496,0.03481297929598902]},"sangat_layak":0.5028490246979904,"layak":0.2602057687695808,"cukup_layak":0.13434202440721488,"kurang_layak":0.06779020282922496,"tidak_layak":0.03481297929598902},"partisipasi_masyarakat":{"pairwise":{"pairwise":[[1,3,5,7,9],[0.333,1,3,5,7],[0.2,0.333,1,3,5],[0.143,0.2,0.333,1,3],[0.111,0.143,0.2,0.333,1]],"pairwise_after_calculated":[[0.5595970900951315,0.6415739948674081,0.524493863421798,0.42858017510561447,0.36],[0.1863458310016788,0.21385799828913601,0.3146963180530788,0.3061286965040103,0.28],[0.11191941801902631,0.0712147134302823,0.1048987726843596,0.18367721790240618,0.2],[0.0800223838836038,0.0427715996578272,0.03493129130389175,0.061225739300802065,0.12],[0.0621152770005596,0.030581693755346445,0.02097975453687192,0.020388171187167087,0.04]],"weights":[0.5028490246979904,0.2602057687695808,0.13434202440721488,0.06779020282922496,0.03481297929598902]},"partisipasi_1":0.5028490246979904,"partisipasi_2":0.2602057687695808,"partisipasi_3":0.13434202440721488,"partisipasi_4":0.06779020282922496,"partisipasi_5":0.03481297929598902},"cakupan_rumah":{"pairwise":{"pairwise":[[1,3,5,7,9],[0.333,1,3,5,7],[0.2,0.333,1,3,5],[0.143,0.2,0.333,1,3],[0.111,0.143,0.2,0.333,1]],"pairwise_after_calculated":[[0.5595970900951315,0.6415739948674081,0.524493863421798,0.42858017510561447,0.36],[0.1863458310016788,0.21385799828913601,0.3146963180530788,0.3061286965040103,0.28],[0.11191941801902631,0.0712147134302823,0.1048987726843596,0.18367721790240618,0.2],[0.0800223838836038,0.0427715996578272,0.03493129130389175,0.061225739300802065,0.12],[0.0621152770005596,0.030581693755346445,0.02097975453687192,0.020388171187167087,0.04]],"weights":[0.5028490246979904,0.2602057687695808,0.13434202440721488,0.06779020282922496,0.03481297929598902]},"cakupan_1":0.5028490246979904,"cakupan_2":0.2602057687695808,"cakupan_3":0.13434202440721488,"cakupan_4":0.06779020282922496,"cakupan_5":0.03481297929598902},"aksesibilitas":{"pairwise":{"pairwise":[[1,3,9],[0.333,1,5],[0.111,0.2,1]],"pairwise_after_calculated":[[0.6925207756232687,0.7142857142857143,0.6],[0.2306094182825485,0.23809523809523808,0.3333333333333333],[0.07686980609418283,0.047619047619047616,0.06666666666666667]],"weights":[0.6689354966363278,0.2673459965703733,0.06371850679329903]},"sangat_layak":0.6689354966363278,"layak":0.2673459965703733,"tidak_layak":0.06371850679329903}}